{
  "format_version": "1.13.0",
  "minecraft:biome": {
    "description": {
      "identifier": "ender_rift"
    },
    "components": {
      "minecraft:climate": {
        "downfall": 0,
        "temperature": 0.5
      },
      "minecraft:overworld_height": {
        "noise_type": "extreme"
      },
      "minecraft:surface_parameters": {
        "sea_floor_depth": 7,
        "sea_floor_material": "minecraft:end_stone",
        "top_material": "minecraft:end_stone",
        "mid_material": "minecraft:end_stone",
        "foundation_material": "minecraft:stone",
        "sea_material": "minecraft:water"
      },
      "minecraft:overworld_generation_rules": {
        "generate_for_climates": [
          [
            "medium",
            1
          ]
        ],
        "hills_transformation": [
          [
            "forest",
            0
          ]
        ]
      },
      "animal": {},
      "monster": {},
      "overworld": {},
      "ender_rift": {}
    }
  }
}