{
  "format_version": "1.12",
  "minecraft:recipe_shaped": {
    "description": {
      "identifier": "starlightmod:enderium_shovel_recipe"
    },
    "groups": [
      "starlightmod"
    ],
    "tags": [
      "crafting_table"
    ],
    "pattern": [
      "0",
      "1",
      "2"
    ],
    "key": {
      "0": {
        "item": "starlightmod:enderium_dust"
      },
      "1": {
        "item": "minecraft:netherite_shovel"
      },
      "2": {
        "item": "minecraft:stick"
      }
    },
    "result": {
      "item": "starlightmod:enderium_shovel",
      "count": 1
    }
  }
}