{
  "format_version": "1.16.100",
  "starlightmod:auric_ore": {
    "textures": {
      "up": "starlightmod_auric_ore_up",
      "down": "starlightmod_auric_ore_down",
      "south": "starlightmod_auric_ore_south",
      "north": "starlightmod_auric_ore_north",
      "west": "starlightmod_auric_ore_west",
      "east": "starlightmod_auric_ore_east"
    },
    "sound": "stone"
  },
  "starlightmod:auric_block": {
    "textures": {
      "up": "starlightmod_auric_block_up",
      "down": "starlightmod_auric_block_down",
      "south": "starlightmod_auric_block_south",
      "north": "starlightmod_auric_block_north",
      "west": "starlightmod_auric_block_west",
      "east": "starlightmod_auric_block_east"
    },
    "sound": "metal"
  },
  "starlightmod:enderium_ore": {
    "textures": {
      "up": "starlightmod_enderium_ore_up",
      "down": "starlightmod_enderium_ore_down",
      "south": "starlightmod_enderium_ore_south",
      "north": "starlightmod_enderium_ore_north",
      "west": "starlightmod_enderium_ore_west",
      "east": "starlightmod_enderium_ore_east"
    },
    "sound": "stone"
  },
  "starlightmod:enderium_block": {
    "textures": {
      "up": "starlightmod_enderium_block_up",
      "down": "starlightmod_enderium_block_down",
      "south": "starlightmod_enderium_block_south",
      "north": "starlightmod_enderium_block_north",
      "west": "starlightmod_enderium_block_west",
      "east": "starlightmod_enderium_block_east"
    },
    "sound": "metal"
  }
}