{
  "resource_pack_name": "vanilla",
  "texture_name": "atlas.items",
  "texture_data": {
    "enderium_shovel": {
      "textures": "textures/items/enderium_shovel"
    },
    "enderium_dust": {
      "textures": "textures/items/enderium_dust"
    },
    "enderium_pickaxe": {
      "textures": "textures/items/enderium_pickaxe"
    },
    "raw_auric": {
      "textures": "textures/items/auric_raw"
    },
    "enderium_axe": {
      "textures": "textures/items/enderium_axe"
    },
    "enderium_hoe": {
      "textures": "textures/items/enderium_hoe"
    },
    "enderium_sword": {
      "textures": "textures/items/enderium_sword"
    },
    "auric_ingot": {
      "textures": "textures/items/auric_ingot"
    }
  }
}