{
  "resource_pack_name": "vanilla",
  "texture_name": "atlas.terrain",
  "padding": 8,
  "num_mip_levels": 0,
  "texture_data": {
    "starlightmod_auric_ore_up": {
      "textures": [
        "textures/blocks/auric_ore"
      ]
    },
    "starlightmod_auric_ore_down": {
      "textures": [
        "textures/blocks/auric_ore"
      ]
    },
    "starlightmod_auric_ore_south": {
      "textures": [
        "textures/blocks/auric_ore"
      ]
    },
    "starlightmod_auric_ore_north": {
      "textures": [
        "textures/blocks/auric_ore"
      ]
    },
    "starlightmod_auric_ore_west": {
      "textures": [
        "textures/blocks/auric_ore"
      ]
    },
    "starlightmod_auric_ore_east": {
      "textures": [
        "textures/blocks/auric_ore"
      ]
    },
    "starlightmod_auric_block_up": {
      "textures": [
        "textures/blocks/auric_ore_block"
      ]
    },
    "starlightmod_auric_block_down": {
      "textures": [
        "textures/blocks/auric_ore_block"
      ]
    },
    "starlightmod_auric_block_south": {
      "textures": [
        "textures/blocks/auric_ore_block"
      ]
    },
    "starlightmod_auric_block_north": {
      "textures": [
        "textures/blocks/auric_ore_block"
      ]
    },
    "starlightmod_auric_block_west": {
      "textures": [
        "textures/blocks/auric_ore_block"
      ]
    },
    "starlightmod_auric_block_east": {
      "textures": [
        "textures/blocks/auric_ore_block"
      ]
    },
    "starlightmod_enderium_ore_up": {
      "textures": [
        "textures/blocks/enderium_ore"
      ]
    },
    "starlightmod_enderium_ore_down": {
      "textures": [
        "textures/blocks/enderium_ore"
      ]
    },
    "starlightmod_enderium_ore_south": {
      "textures": [
        "textures/blocks/enderium_ore"
      ]
    },
    "starlightmod_enderium_ore_north": {
      "textures": [
        "textures/blocks/enderium_ore"
      ]
    },
    "starlightmod_enderium_ore_west": {
      "textures": [
        "textures/blocks/enderium_ore"
      ]
    },
    "starlightmod_enderium_ore_east": {
      "textures": [
        "textures/blocks/enderium_ore"
      ]
    },
    "starlightmod_enderium_block_up": {
      "textures": [
        "textures/blocks/enderium_ore_block"
      ]
    },
    "starlightmod_enderium_block_down": {
      "textures": [
        "textures/blocks/enderium_ore_block"
      ]
    },
    "starlightmod_enderium_block_south": {
      "textures": [
        "textures/blocks/enderium_ore_block"
      ]
    },
    "starlightmod_enderium_block_north": {
      "textures": [
        "textures/blocks/enderium_ore_block"
      ]
    },
    "starlightmod_enderium_block_west": {
      "textures": [
        "textures/blocks/enderium_ore_block"
      ]
    },
    "starlightmod_enderium_block_east": {
      "textures": [
        "textures/blocks/enderium_ore_block"
      ]
    }
  }
}