{
  "_fv": 39,
  "_type": "tool",
  "definition": {
    "renderType": 0,
    "texture": "enderium_axe",
    "customModelName": "Normal",
    "name": "Enderium Axe",
    "specialInfo": [],
    "creativeTab": {
      "value": ""
    },
    "toolType": "Axe",
    "harvestLevel": 16,
    "efficiency": 21.0,
    "attackSpeed": 1.0,
    "enchantability": 112,
    "damageVsEntity": 16.0,
    "usageCount": 4595,
    "blocksAffected": [],
    "hasGlow": false,
    "repairItems": [
      {
        "value": "CUSTOM:EnderiumDust"
      }
    ],
    "immuneToFire": false,
    "stayInGridWhenCrafting": false,
    "damageOnCrafting": false
  }
}